symbol,date,open,high,low,close,volume,turnover
ACLBSL,2025/06/29,"1,015.00","1,030.00","1,011.40","1,025.58","2,290","2,342,360.50"
ACLBSL,2025/06/26,"1,015.00","1,022.00","1,011.20","1,013.19","1,372","1,394,369.10"
ACLBSL,2025/06/25,"1,010.00","1,020.00","1,010.00","1,018.89",507,"515,726.90"
ADBL,2025/06/29,285.00,287.40,280.00,286.67,"37,928","10,772,527.80"
ADBL,2025/06/26,281.80,284.00,281.10,281.85,"30,005","8,456,034.10"
ADBL,2025/06/25,286.00,286.00,281.00,281.73,"17,868","5,036,748.60"
ADBLD83,2025/06/29,"1,087.00","1,129.50","1,071.80","1,071.80",711,"784,277.00"
ADBLD83,2025/06/26,"1,109.00","1,109.00","1,087.00","1,087.00",54,"58,698.00"
ADBLD83,2025/06/25,"1,095.00","1,109.00","1,073.10","1,109.00",345,"372,379.10"
AHL,2025/06/29,591.50,634.00,588.50,613.27,"8,027","4,906,128.00"
AHL,2025/06/26,600.00,610.00,593.00,600.00,"5,651","3,371,952.20"
AHL,2025/06/25,600.00,624.90,595.00,602.78,770,"469,005.00"
AHPC,2025/06/29,278.00,287.00,278.00,284.37,"180,099","51,252,128.90"
AHPC,2025/06/26,290.70,290.70,281.00,282.95,"225,648","64,307,368.70"
AHPC,2025/06/25,284.50,288.90,283.30,285.03,"148,028","42,226,538.20"
AKJCL,2025/06/29,210.00,212.00,208.80,209.82,"120,043","25,172,609.10"
AKJCL,2025/06/26,214.60,215.00,209.60,210.93,"206,445","43,725,218.50"
AKJCL,2025/06/25,215.00,215.00,208.60,210.97,"96,883","20,393,814.80"
AKPL,2025/06/29,258.00,261.40,255.20,257.18,"195,356","50,432,195.70"
AKPL,2025/06/26,259.00,263.80,255.10,256.48,"284,574","73,801,918.10"
AKPL,2025/06/25,261.00,264.00,257.00,257.26,"145,385","37,605,991.30"
ALBSL,2025/06/29,805.90,805.90,780.10,804.55,"4,395","3,526,352.90"
ALBSL,2025/06/26,807.90,807.90,786.10,791.68,"4,204","3,349,987.10"
ALBSL,2025/06/25,812.20,812.20,790.00,792.26,"2,895","2,296,066.10"
ALICL,2025/06/29,493.00,497.80,490.00,496.38,"14,183","7,002,684.60"
ALICL,2025/06/26,484.80,501.00,484.80,493.75,"94,745","47,298,608.60"
ALICL,2025/06/25,500.00,500.00,493.00,494.65,"18,654","9,253,520.00"
ANLB,2025/06/29,"5,465.00","5,649.00","5,420.30","5,568.98",232,"1,266,951.90"
ANLB,2025/06/26,"5,500.00","5,589.00","5,415.10","5,565.42","1,112","6,072,375.00"
ANLB,2025/06/25,"5,339.10","5,562.90","5,339.10","5,500.00",672,"3,642,110.50"
API,2025/06/29,294.00,294.00,288.10,288.63,"136,736","39,575,456.10"
API,2025/06/26,297.00,297.00,288.00,288.55,"223,162","64,881,810.00"
API,2025/06/25,298.90,298.90,290.10,291.60,"147,758","43,116,203.10"
AVYAN,2025/06/29,980.00,999.60,975.10,993.15,"1,918","1,891,388.60"
AVYAN,2025/06/26,975.50,998.90,975.00,977.09,"1,992","1,953,071.20"
AVYAN,2025/06/25,961.90,999.00,961.90,994.00,260,"255,993.00"
BARUN,2025/06/29,409.80,432.40,407.00,417.75,"482,013","203,645,044.80"
BARUN,2025/06/26,370.00,405.80,370.00,401.88,"711,555","280,567,080.90"
BARUN,2025/06/25,377.90,377.90,366.00,368.95,"100,504","37,083,834.20"
BBC,2025/06/29,"5,489.00","5,489.00","5,310.00","5,400.00",137,"741,091.30"
BBC,2025/06/26,"5,320.00","5,494.00","5,320.00","5,384.30",711,"3,849,206.00"
BBC,2025/06/25,"5,507.00","5,507.00","5,355.00","5,396.52",261,"1,408,276.00"
BEDC,2025/06/29,631.30,660.00,630.00,633.10,"16,955","10,829,809.30"
BEDC,2025/06/26,629.00,640.00,616.50,618.94,"9,369","5,852,744.60"
BEDC,2025/06/25,646.00,646.00,626.00,632.15,"7,663","4,832,023.00"
BFC,2025/06/29,473.00,473.00,463.10,468.61,"19,869","9,271,107.90"
BFC,2025/06/26,470.00,475.00,466.00,466.21,"12,681","5,928,017.80"
BFC,2025/06/25,475.90,475.90,466.00,467.52,"5,951","2,783,572.60"
BGWT,2025/06/29,880.00,944.00,880.00,941.37,"2,732","2,491,213.50"
BGWT,2025/06/26,889.00,900.00,887.20,894.85,"1,565","1,397,158.90"
BGWT,2025/06/25,900.00,900.00,887.00,899.66,"1,242","1,114,828.00"
BHDC,2025/06/29,463.90,500.30,448.00,495.65,"154,734","74,233,987.40"
BHDC,2025/06/26,455.50,460.00,445.60,454.85,"47,876","21,636,357.00"
BHDC,2025/06/25,447.00,463.40,445.00,446.60,"54,036","24,387,579.00"
BHL,2025/06/29,209.00,210.00,205.50,206.28,"185,443","38,322,295.40"
BHL,2025/06/26,208.00,210.00,206.60,207.55,"179,182","37,299,168.20"
BHL,2025/06/25,206.00,209.50,206.00,207.02,"143,366","29,715,048.00"
BHPL,2025/06/29,740.00,740.00,707.10,718.94,"6,325","4,565,602.60"
BHPL,2025/06/26,755.00,759.00,739.00,739.97,"6,568","4,899,136.60"
BHPL,2025/06/25,755.00,755.00,745.00,747.10,"2,170","1,622,184.60"
BNHC,2025/06/29,500.10,505.00,497.00,504.95,"6,841","3,425,440.80"
BNHC,2025/06/26,496.00,514.00,495.00,504.59,"14,478","7,327,242.30"
BNHC,2025/06/25,486.00,497.00,486.00,496.42,"9,076","4,469,775.10"
BNL,2025/06/29,"15,450.00","15,450.00","15,450.00","15,450.00",20,"309,000.00"
BNL,2025/06/26,"15,430.00","15,430.00","15,430.00","15,430.00",10,"154,300.00"
BNT,2025/06/29,"12,210.00","12,440.00","12,202.50","12,210.30",110,"1,352,558.00"
BNT,2025/06/26,"12,301.20","12,400.00","12,290.00","12,294.24",434,"5,340,646.00"
BNT,2025/06/25,"12,549.00","12,700.00","12,328.40","12,366.66",361,"4,481,979.60"
BOKD86,2025/06/29,"1,070.00","1,070.00","1,070.00","1,070.00",50,"53,500.00"
BPCL,2025/06/29,844.90,845.00,812.50,814.85,"424,047","349,962,132.80"
BPCL,2025/06/26,830.00,878.00,830.00,840.32,"728,605","625,231,175.70"
BPCL,2025/06/25,805.00,849.60,795.00,844.14,"654,290","539,457,326.40"
C30MF,2025/06/29,9.80,10.01,9.80,10.01,"19,300","192,948.00"
CBBL,2025/06/29,881.88,899.30,881.88,893.50,"12,448","11,076,142.80"
CBBL,2025/06/26,879.00,885.00,879.00,881.88,"25,225","22,220,024.50"
CBBL,2025/06/25,880.00,898.50,866.20,879.11,"10,546","9,300,470.00"
CBLD88,2025/06/29,"1,135.00","1,178.00","1,135.00","1,178.00",175,"206,129.70"
CBLD88,2025/06/26,"1,117.50","1,135.00","1,117.00","1,135.00",48,"54,062.00"
CBLD88,2025/06/25,"1,135.00","1,135.00","1,135.00","1,135.00",50,"56,750.00"
CFCL,2025/06/29,505.00,505.00,495.00,498.48,"8,270","4,112,664.00"
CFCL,2025/06/26,506.00,509.00,495.00,498.18,"19,084","9,542,308.70"
CFCL,2025/06/25,502.47,509.00,502.10,504.85,"6,466","3,263,110.10"
CGH,2025/06/29,972.00,972.00,940.00,950.84,"141,634","135,465,364.50"
CGH,2025/06/26,995.00,"1,000.00",961.00,966.00,"55,944","54,924,209.40"
CGH,2025/06/25,955.00,"1,000.00",941.00,994.90,"181,945","175,042,000.90"
CHCL,2025/06/29,545.00,551.00,538.50,546.67,"185,970","101,075,046.90"
CHCL,2025/06/26,547.00,558.90,541.00,541.78,"284,064","156,738,541.10"
CHCL,2025/06/25,536.00,550.00,533.00,545.68,"202,235","110,053,654.20"
CHDC,2025/06/29,"2,600.00","2,620.00","2,541.50","2,550.24","32,959","84,404,033.60"
CHDC,2025/06/26,"2,620.00","2,648.50","2,559.00","2,572.29","39,107","101,625,445.60"
CHDC,2025/06/25,"2,600.00","2,659.00","2,566.00","2,614.64","53,087","139,382,180.50"
CHL,2025/06/29,337.00,346.00,333.00,343.90,"122,306","41,621,117.40"
CHL,2025/06/26,330.00,346.40,329.00,337.99,"168,178","57,121,927.60"
CHL,2025/06/25,313.00,333.00,307.10,326.49,"178,130","57,075,358.30"
CIT,2025/06/29,"1,877.39","1,898.00","1,869.00","1,892.92","9,924","18,627,549.00"
CIT,2025/06/26,"1,880.00","1,890.00","1,876.00","1,877.39","6,523","12,269,552.90"
CIT,2025/06/25,"1,882.00","1,884.00","1,871.00","1,879.07","5,216","9,798,282.70"
CITY,2025/06/29,826.00,829.80,819.00,821.70,"3,903","3,208,314.00"
CITY,2025/06/26,825.50,834.90,820.00,820.95,"4,855","3,992,936.50"
CITY,2025/06/25,821.30,835.00,821.10,828.94,"3,284","2,718,884.30"
CKHL,2025/06/29,623.00,638.10,601.20,630.66,"12,822","7,861,749.90"
CKHL,2025/06/26,618.10,643.70,610.30,613.43,"7,671","4,740,561.70"
CKHL,2025/06/25,602.00,635.00,602.00,608.36,"2,658","1,623,297.80"
CLI,2025/06/29,451.00,459.00,450.00,458.02,"22,371","10,137,666.30"
CLI,2025/06/26,450.00,454.00,449.10,450.47,"25,389","11,448,083.30"
CLI,2025/06/25,450.50,454.00,450.00,450.26,"15,156","6,834,209.40"
CMF2,2025/06/29,9.33,9.82,9.33,9.80,"26,200","256,504.00"
CMF2,2025/06/26,9.31,9.45,9.31,9.45,200,"1,876.00"
CMF2,2025/06/25,9.47,9.47,9.46,9.46,"2,100","19,886.00"
CORBL,2025/06/29,"2,310.00","2,375.00","2,277.80","2,366.39","8,331","19,492,599.10"
CORBL,2025/06/26,"2,175.00","2,300.00","2,131.50","2,264.77","6,286","13,879,379.30"
CORBL,2025/06/25,"2,106.20","2,192.10","2,096.20","2,132.55","1,771","3,767,871.50"
CREST,2025/06/29,"1,375.00","1,396.00","1,351.00","1,369.68","16,424","22,415,316.60"
CREST,2025/06/26,"1,482.70","1,482.70","1,391.60","1,397.79","23,027","32,653,376.30"
CREST,2025/06/25,"1,345.00","1,484.00","1,345.00","1,453.69","33,763","48,684,853.70"
CYCL,2025/06/29,"1,603.00","1,607.00","1,571.00","1,600.83","7,741","12,319,707.50"
CYCL,2025/06/26,"1,575.00","1,600.00","1,571.00","1,573.19","2,415","3,812,820.10"
CYCL,2025/06/25,"1,624.00","1,693.00","1,565.00","1,578.01","4,616","7,321,140.60"
CZBIL,2025/06/29,202.00,208.90,200.10,207.98,"58,635","12,014,539.10"
CZBIL,2025/06/26,203.10,204.00,201.90,201.99,"23,650","4,790,614.80"
CZBIL,2025/06/25,205.40,205.50,201.50,203.55,"25,872","5,247,544.60"
DDBL,2025/06/29,776.00,800.70,776.00,798.99,"12,277","9,747,386.30"
DDBL,2025/06/26,780.10,780.10,775.50,778.71,"5,235","4,072,442.50"
DDBL,2025/06/25,781.00,788.00,775.00,780.10,"5,396","4,202,817.50"
DHPL,2025/06/29,333.00,336.00,327.90,330.38,"13,984","4,616,231.70"
DHPL,2025/06/26,344.90,344.90,332.00,333.01,"13,144","4,403,770.90"
DHPL,2025/06/25,336.90,340.50,333.30,338.43,"25,071","8,454,413.60"
DLBS,2025/06/29,"1,335.00","1,335.00","1,315.00","1,331.98","1,480","1,967,021.90"
DLBS,2025/06/26,"1,382.00","1,382.10","1,327.90","1,332.34","1,933","2,585,035.30"
DLBS,2025/06/25,"1,330.00","1,379.00","1,330.00","1,355.00",348,"473,803.80"
DOLTI,2025/06/29,555.00,563.90,551.00,559.15,"4,746","2,646,137.60"
DOLTI,2025/06/26,554.00,579.00,554.00,561.32,"4,916","2,767,735.70"
DOLTI,2025/06/25,540.00,565.00,540.00,559.12,"5,013","2,783,789.00"
DORDI,2025/06/29,318.00,320.00,305.50,306.74,"110,038","33,926,790.30"
DORDI,2025/06/26,314.00,336.00,307.80,316.22,"155,871","49,645,603.40"
DORDI,2025/06/25,334.90,334.90,308.00,313.16,"239,848","75,144,788.50"
EBL,2025/06/29,640.00,645.00,636.10,643.87,"22,263","14,253,815.90"
EBL,2025/06/26,635.00,637.00,634.00,635.17,"28,083","17,834,016.90"
EBL,2025/06/25,636.00,638.00,631.00,635.28,"38,444","24,336,493.30"
EBLD85,2025/06/26,"1,120.00","1,125.50","1,120.00","1,125.50",50,"56,137.50"
EBLD85,2025/06/25,"1,126.00","1,126.00","1,125.00","1,125.00",50,"56,275.00"
EBLD86,2025/06/29,"1,071.00","1,071.00","1,071.00","1,071.00",40,"42,840.00"
EBLD86,2025/06/25,"1,077.00","1,077.10","1,077.00","1,077.10",300,"323,125.00"
EBLD91,2025/06/29,"1,028.00","1,045.00","1,028.00","1,045.00",450,"469,825.00"
EBLD91,2025/06/25,"1,030.10","1,047.00","1,028.00","1,028.00",290,"301,887.50"
EBLEB89,2025/06/29,"1,035.00","1,035.00","1,014.80","1,014.80",75,"77,120.00"
EBLEB89,2025/06/26,"1,006.20","1,025.00","1,006.20","1,025.00",50,"50,780.00"
EBLEB89,2025/06/25,"1,025.20","1,025.20","1,025.20","1,025.20",25,"25,630.00"
EDBL,2025/06/29,562.00,569.00,560.80,565.89,"25,158","14,192,658.70"
EDBL,2025/06/26,561.00,569.00,561.00,562.01,"17,767","9,992,102.80"
EDBL,2025/06/25,556.10,567.20,556.10,561.76,"16,913","9,508,828.90"
EHPL,2025/06/29,540.00,550.00,540.00,548.90,"2,010","1,098,724.00"
EHPL,2025/06/26,532.20,562.00,532.20,540.08,"2,944","1,600,454.10"
EHPL,2025/06/25,533.50,544.00,533.50,540.21,"3,460","1,855,078.10"
ENL,2025/06/29,"1,055.00","1,065.90","1,040.00","1,048.28","2,161","2,271,778.80"
ENL,2025/06/26,"1,061.10","1,080.00","1,029.00","1,061.27","3,133","3,274,544.90"
ENL,2025/06/25,"1,090.00","1,090.00","1,050.00","1,077.96",990,"1,061,487.00"
FMDBL,2025/06/29,733.00,744.40,732.00,743.21,"6,931","5,122,227.20"
FMDBL,2025/06/26,745.00,745.00,731.00,738.58,"7,620","5,587,677.60"
FMDBL,2025/06/25,731.50,744.90,730.40,740.04,"6,203","4,556,359.40"
FOWAD,2025/06/29,"1,077.00","1,110.00","1,076.00","1,097.60","2,886","3,144,610.80"
FOWAD,2025/06/26,"1,072.50","1,093.30","1,072.50","1,080.77","2,141","2,326,085.00"
FOWAD,2025/06/25,"1,072.30","1,089.00","1,072.30","1,081.69","2,337","2,531,683.60"
GBBD85,2025/06/29,"1,065.00","1,065.00","1,052.10","1,052.10",75,"79,552.50"
GBBD85,2025/06/26,"1,055.40","1,065.00","1,055.40","1,065.00",115,"121,883.50"
GBBD85,2025/06/25,"1,060.10","1,060.10","1,060.10","1,060.10",50,"53,005.00"
GBBL,2025/06/29,391.00,399.20,384.10,388.45,"22,977","8,926,670.20"
GBBL,2025/06/26,383.10,389.90,383.10,386.94,"19,636","7,605,587.70"
GBBL,2025/06/25,385.00,390.00,385.00,387.64,"21,692","8,429,113.10"
GBBLPO,2025/06/25,201.30,201.30,201.30,201.30,"20,000","4,026,000.00"
GBILD84/85,2025/06/29,"1,156.40","1,179.00","1,133.30","1,179.00",146,"169,934.40"
GBILD84/85,2025/06/26,"1,180.00","1,180.00","1,180.00","1,180.00",150,"177,000.00"
GBILD86/87,2025/06/29,"1,089.00","1,089.00","1,089.00","1,089.00",55,"59,895.00"
GBILD86/87,2025/06/25,"1,068.00","1,068.00","1,068.00","1,068.00",55,"58,740.00"
GBIME,2025/06/29,229.30,241.00,227.50,237.37,"318,193","74,256,279.30"
GBIME,2025/06/26,228.10,231.00,228.10,229.07,"88,481","20,304,916.00"
GBIME,2025/06/25,231.90,233.00,229.00,230.09,"49,918","11,483,768.90"
GBLBS,2025/06/29,780.00,810.00,780.00,803.36,"10,717","8,499,250.00"
GBLBS,2025/06/26,781.00,794.90,780.00,780.83,"4,865","3,809,264.80"
GBLBS,2025/06/25,794.90,798.50,782.00,783.77,"2,716","2,144,847.70"
GCIL,2025/06/29,493.00,503.00,493.00,495.64,"45,245","22,442,750.10"
GCIL,2025/06/26,505.00,509.90,493.10,495.54,"38,643","19,276,672.60"
GCIL,2025/06/25,507.30,512.00,500.00,504.65,"46,912","23,706,611.20"
GFCL,2025/06/29,605.00,605.00,591.50,599.77,"17,061","10,163,148.10"
GFCL,2025/06/26,610.00,610.00,597.00,598.81,"11,996","7,193,651.70"
GFCL,2025/06/25,610.00,614.00,600.00,600.33,"12,295","7,403,369.80"
GHL,2025/06/29,249.00,253.00,248.00,250.05,"93,026","23,280,169.00"
GHL,2025/06/26,248.00,258.90,248.00,249.64,"315,903","79,984,798.80"
GHL,2025/06/25,251.80,251.80,244.00,246.69,"121,820","30,050,743.70"
GIBF1,2025/06/29,10.46,10.65,10.46,10.62,"45,500","483,097.20"
GIBF1,2025/06/26,10.40,10.60,10.40,10.44,"2,700","28,467.00"
GIBF1,2025/06/25,10.36,10.50,10.36,10.49,"4,700","49,244.00"
GILB,2025/06/29,"1,225.00","1,267.00","1,225.00","1,259.95","3,775","4,684,715.70"
GILB,2025/06/26,"1,222.00","1,249.00","1,222.00","1,233.50",871,"1,073,312.70"
GILB,2025/06/25,"1,236.00","1,250.00","1,220.00","1,235.00","2,940","3,628,969.30"
GLBSL,2025/06/29,"2,163.10","2,300.00","2,161.00","2,285.08","17,280","37,911,754.80"
GLBSL,2025/06/26,"2,151.00","2,198.00","2,150.00","2,165.00","1,098","2,383,684.00"
GLBSL,2025/06/25,"2,110.00","2,170.00","2,110.00","2,145.10","1,041","2,232,848.70"
GLH,2025/06/29,275.00,279.00,271.20,275.97,"135,650","37,315,139.10"
GLH,2025/06/26,266.90,287.00,266.90,275.78,"416,558","117,428,289.10"
GLH,2025/06/25,258.10,276.00,258.10,272.33,"149,769","40,287,155.90"
GMFBS,2025/06/29,"1,466.00","1,495.00","1,453.20","1,487.98",650,"957,044.60"
GMFBS,2025/06/26,"1,469.00","1,470.00","1,464.50","1,466.00",218,"319,487.50"
GMFBS,2025/06/25,"1,470.00","1,505.80","1,455.00","1,494.30","1,102","1,629,482.40"
GMFIL,2025/06/29,477.80,477.80,469.00,470.89,"23,629","11,122,589.00"
GMFIL,2025/06/26,469.00,475.00,469.00,470.94,"26,051","12,286,077.20"
GMFIL,2025/06/25,474.00,476.10,471.00,471.29,"13,716","6,490,818.30"
GMLI,2025/06/29,"2,177.00","2,220.00","2,138.00","2,158.89","2,342","5,043,225.00"
GMLI,2025/06/26,"2,150.10","2,204.00","2,150.10","2,177.59","4,723","10,285,643.30"
GMLI,2025/06/25,"2,166.00","2,233.00","2,140.10","2,161.17","4,888","10,623,227.50"
GRDBL,2025/06/29,"1,328.00","1,380.00","1,320.10","1,366.42","49,032","66,419,687.40"
GRDBL,2025/06/26,"1,208.00","1,311.70","1,194.00","1,301.97","59,961","76,522,627.00"
GRDBL,2025/06/25,"1,178.20","1,200.00","1,155.00","1,192.48","13,394","15,711,537.60"
GSY,2025/06/29,9.25,9.31,9.25,9.25,"16,620","154,542.00"
GSY,2025/06/26,9.41,9.41,9.06,9.24,"6,152","56,658.82"
GSY,2025/06/25,9.18,9.45,9.18,9.41,"16,448","154,065.60"
GUFL,2025/06/29,536.00,536.00,528.00,532.07,"9,732","5,166,874.60"
GUFL,2025/06/26,540.00,540.00,530.20,530.84,"6,362","3,380,710.80"
GUFL,2025/06/25,535.10,540.00,529.00,529.90,"11,670","6,206,406.80"
GVL,2025/06/29,448.00,483.80,442.00,480.07,"175,442","82,690,292.40"
GVL,2025/06/26,444.00,456.00,441.30,448.86,"38,200","17,211,884.60"
GVL,2025/06/25,439.10,449.80,439.10,444.36,"5,806","2,580,161.30"
H8020,2025/06/29,11.10,11.42,10.91,11.42,"14,450","161,352.50"
H8020,2025/06/26,11.03,11.57,11.00,11.10,"931,545","10,507,219.61"
H8020,2025/06/25,11.20,11.20,11.10,11.13,"11,000","123,127.00"
HATHY,2025/06/29,"1,202.00","1,217.70","1,200.00","1,204.43","11,750","14,136,911.90"
HATHY,2025/06/26,"1,210.30","1,220.00","1,201.00","1,202.08","9,229","11,163,083.70"
HATHY,2025/06/25,"1,229.90","1,229.90","1,205.00","1,210.30","7,860","9,509,528.10"
HBL,2025/06/29,215.00,219.30,213.00,218.69,"64,547","13,951,622.20"
HBL,2025/06/26,212.00,215.00,212.00,213.05,"30,544","6,512,605.90"
HBL,2025/06/25,217.00,217.00,213.00,213.41,"24,124","5,171,094.20"
HDHPC,2025/06/29,197.80,199.30,195.00,197.06,"149,378","29,312,487.80"
HDHPC,2025/06/26,199.00,200.00,196.60,196.96,"134,752","26,657,470.00"
HDHPC,2025/06/25,200.00,200.00,197.00,197.89,"87,327","17,308,959.40"
HDL,2025/06/29,"1,178.00","1,188.00","1,174.10","1,179.31","32,059","37,783,026.80"
HDL,2025/06/26,"1,180.00","1,181.00","1,175.30","1,177.12","28,039","33,021,431.90"
HDL,2025/06/25,"1,185.00","1,185.00","1,175.30","1,176.97","24,712","29,143,170.80"
HEI,2025/06/29,565.00,565.00,555.10,555.67,"12,575","7,011,508.20"
HEI,2025/06/26,547.40,562.90,547.40,557.49,"9,703","5,413,754.30"
HEI,2025/06/25,560.30,564.00,557.00,558.53,"10,744","6,000,265.90"
HEIP,2025/06/29,360.00,374.50,360.00,360.90,"8,031","2,938,775.20"
HEIP,2025/06/26,358.10,358.20,358.10,358.20,260,"93,125.00"
HEIP,2025/06/25,365.00,367.30,358.10,360.00,"1,725","629,632.50"
HHL,2025/06/29,385.00,390.00,383.00,386.97,"9,605","3,712,968.50"
HHL,2025/06/26,388.00,396.00,383.10,385.76,"12,549","4,872,584.00"
HHL,2025/06/25,394.00,415.90,380.00,390.08,"18,748","7,562,722.70"
HIDCL,2025/06/29,284.20,286.90,282.00,283.98,"299,476","85,049,985.10"
HIDCL,2025/06/26,285.00,289.80,283.20,284.37,"227,498","65,121,448.00"
HIDCL,2025/06/25,289.00,290.00,285.00,285.67,"213,052","61,068,926.50"
HIDCLP,2025/06/29,206.50,209.00,203.50,207.14,"167,196","34,438,764.60"
HIDCLP,2025/06/26,208.00,208.00,203.60,204.05,"311,323","63,727,082.70"
HIDCLP,2025/06/25,209.70,209.70,204.50,206.19,"231,159","47,586,231.70"
HLBSL,2025/06/29,925.40,925.40,908.00,921.99,"2,179","2,002,941.80"
HLBSL,2025/06/26,910.00,918.00,901.00,907.32,"3,689","3,337,584.00"
HLBSL,2025/06/25,914.19,914.19,907.00,909.10,"1,286","1,169,322.00"
HLI,2025/06/29,381.00,389.00,378.00,385.94,"54,022","20,698,806.60"
HLI,2025/06/26,382.04,385.00,377.70,379.46,"60,463","23,023,471.40"
HLI,2025/06/25,383.07,386.00,381.00,382.04,"29,980","11,494,070.90"
HPPL,2025/06/29,530.00,540.60,524.00,527.86,"79,765","42,300,148.40"
HPPL,2025/06/26,558.00,558.00,530.00,540.51,"480,771","259,536,115.10"
HPPL,2025/06/25,592.50,592.50,549.00,550.03,"201,131","112,025,422.50"
HRL,2025/06/29,875.00,900.00,870.50,893.47,"129,876","115,486,185.60"
HRL,2025/06/26,878.00,883.50,875.00,875.64,"52,817","46,417,304.90"
HRL,2025/06/25,885.00,894.00,875.20,876.92,"62,395","54,919,274.30"
HURJA,2025/06/29,258.40,258.40,252.00,254.17,"106,296","26,959,700.00"
HURJA,2025/06/26,255.00,262.00,253.00,253.43,"226,320","58,089,049.40"
HURJA,2025/06/25,257.00,257.00,250.00,254.17,"176,852","44,703,563.40"
ICFC,2025/06/29,591.00,603.00,591.00,599.68,"12,106","7,254,074.80"
ICFC,2025/06/26,600.00,601.80,590.20,594.52,"10,950","6,511,593.00"
ICFC,2025/06/25,610.00,610.00,595.00,598.62,"10,562","6,321,400.10"
ICFCD88,2025/06/29,"1,100.00","1,110.00","1,100.00","1,110.00",75,"83,000.00"
ICFCD88,2025/06/25,"1,081.20","1,100.10","1,081.10","1,100.10",210,"228,821.00"
IGI,2025/06/29,524.00,524.00,510.00,517.24,"13,578","7,008,315.50"
IGI,2025/06/26,518.10,525.00,515.00,516.03,"64,676","33,363,040.10"
IGI,2025/06/25,516.00,518.50,513.00,514.43,"10,975","5,659,986.80"
IHL,2025/06/29,510.00,544.50,510.00,528.62,"3,600","1,870,756.10"
IHL,2025/06/26,505.50,535.00,505.50,513.83,"7,620","3,938,355.00"
IHL,2025/06/25,505.10,514.50,503.40,505.00,"6,886","3,482,358.90"
ILBS,2025/06/29,818.00,828.60,810.00,823.92,"1,619","1,325,810.20"
ILBS,2025/06/26,805.00,853.00,795.20,817.90,"4,772","3,844,750.70"
ILBS,2025/06/25,805.00,815.00,800.10,805.32,"1,787","1,439,199.00"
ILI,2025/06/29,440.00,440.90,432.20,436.93,"18,033","7,856,513.30"
ILI,2025/06/26,433.00,439.00,433.00,435.25,"11,895","5,184,023.10"
ILI,2025/06/25,430.50,440.00,430.50,435.04,"14,255","6,210,649.60"
JBBD87,2025/06/29,"1,088.00","1,088.00","1,088.00","1,113.00",5,"5,565.00"
JBBD87,2025/06/25,"1,100.00","1,100.00","1,100.00","1,088.00",5,"5,440.00"
JBBL,2025/06/29,317.20,322.00,317.20,320.09,"27,166","8,691,479.10"
JBBL,2025/06/26,315.60,320.00,315.10,317.20,"21,484","6,838,186.60"
JBBL,2025/06/25,316.00,318.90,315.00,316.27,"17,628","5,572,620.10"
JBLB,2025/06/29,"1,290.10","1,320.00","1,290.00","1,311.91","11,579","15,087,367.10"
JBLB,2025/06/26,"1,285.10","1,303.00","1,285.10","1,295.28","6,501","8,416,283.20"
JBLB,2025/06/25,"1,286.10","1,300.10","1,286.10","1,290.24","4,150","5,376,596.10"
JFL,2025/06/29,454.00,464.00,451.10,460.90,"12,295","5,643,929.50"
JFL,2025/06/26,468.00,468.00,455.00,455.79,"13,707","6,270,179.30"
JFL,2025/06/25,462.00,462.00,455.50,458.88,"10,044","4,609,995.60"
JOSHI,2025/06/29,339.90,339.90,314.00,327.47,"256,351","83,996,016.90"
JOSHI,2025/06/26,355.70,380.00,335.20,346.78,"353,539","124,332,443.20"
JOSHI,2025/06/25,393.10,393.10,361.00,362.92,"318,484","116,937,928.70"
JSLBB,2025/06/29,"1,221.10","1,254.30","1,216.20","1,231.81",753,"924,206.00"
JSLBB,2025/06/26,"1,241.00","1,241.00","1,241.00","1,241.00",67,"83,147.00"
JSLBB,2025/06/25,"1,233.00","1,256.00","1,233.00","1,240.36",635,"789,280.40"
KBL,2025/06/29,200.10,207.30,200.00,206.26,"254,031","51,784,147.50"
KBL,2025/06/26,203.00,204.50,200.00,200.40,"148,171","29,839,838.00"
KBL,2025/06/25,203.90,203.90,201.00,201.64,"155,468","31,449,702.00"
KBSH,2025/06/29,"1,862.00","1,887.00","1,850.20","1,859.40",451,"842,208.00"
KBSH,2025/06/26,"1,919.10","1,919.10","1,870.00","1,899.90",513,"967,704.00"
KBSH,2025/06/25,"1,860.00","1,890.00","1,823.00","1,890.00",780,"1,436,621.00"
KDBY,2025/06/29,9.50,9.64,9.50,9.64,"3,600","34,314.00"
KDBY,2025/06/26,9.47,9.67,9.46,9.65,"12,626","121,190.40"
KDBY,2025/06/25,9.50,9.80,9.50,9.65,"37,619","363,731.11"
KDL,2025/06/29,"1,050.00","1,100.00","1,050.00","1,096.63","4,322","4,682,475.90"
KDL,2025/06/26,"1,063.00","1,100.00","1,063.00","1,068.12","5,006","5,384,069.00"
KDL,2025/06/25,"1,076.00","1,096.90","1,076.00","1,083.24","2,946","3,186,449.50"
KEF,2025/06/29,9.00,9.02,8.91,9.02,"33,170","297,368.20"
KEF,2025/06/26,8.91,9.18,8.91,9.00,"13,100","119,444.40"
KEF,2025/06/25,8.94,9.10,8.93,9.00,"5,150","46,291.50"
KKHC,2025/06/29,395.00,395.00,386.00,390.76,"64,627","25,161,742.00"
KKHC,2025/06/26,410.70,410.70,386.00,392.29,"90,926","35,863,568.10"
KKHC,2025/06/25,392.00,420.00,392.00,402.65,"208,326","84,181,602.10"
KMCDB,2025/06/29,996.00,"1,016.00",993.70,"1,004.02","2,948","2,979,294.70"
KMCDB,2025/06/26,973.00,998.00,973.00,976.70,"3,864","3,784,768.00"
KMCDB,2025/06/25,990.00,"1,000.00",970.30,987.24,"1,563","1,532,978.90"
KPCL,2025/06/29,575.00,586.00,564.00,567.06,"33,559","19,184,493.10"
KPCL,2025/06/26,579.90,592.00,565.10,575.33,"130,231","75,396,460.30"
KPCL,2025/06/25,566.00,572.00,555.50,570.03,"19,073","10,808,269.10"
KSBBL,2025/06/29,442.00,450.00,442.00,446.41,"20,088","8,961,902.30"
KSBBL,2025/06/26,440.00,445.00,438.00,442.48,"13,635","6,020,530.80"
KSBBL,2025/06/25,440.10,444.90,440.10,440.42,"14,601","6,443,878.00"
KSY,2025/06/29,8.95,8.98,8.95,8.98,700,"6,274.00"
KSY,2025/06/26,9.10,9.10,9.09,9.09,"8,300","75,448.00"
KSY,2025/06/25,8.87,9.30,8.87,9.27,"3,100","28,109.00"
LBBL,2025/06/29,415.00,426.00,413.20,423.64,"34,232","14,407,837.80"
LBBL,2025/06/26,421.00,426.00,415.20,416.70,"47,651","20,006,170.50"
LBBL,2025/06/25,413.90,426.70,413.90,422.93,"29,261","12,292,699.20"
LBLD88,2025/06/29,"1,044.20","1,044.20","1,044.20","1,078.00",3,"3,221.00"
LEC,2025/06/29,212.20,215.00,212.20,213.26,"86,158","18,363,751.20"
LEC,2025/06/26,217.00,219.00,212.30,212.81,"185,064","39,625,553.30"
LEC,2025/06/25,214.20,216.30,214.00,214.87,"99,353","21,351,321.40"
LICN,2025/06/29,900.00,910.00,898.00,908.36,"22,816","20,632,231.20"
LICN,2025/06/26,923.00,923.00,898.00,900.11,"17,613","15,881,650.20"
LICN,2025/06/25,908.00,920.00,900.10,905.30,"8,099","7,318,460.50"
LLBS,2025/06/29,"1,049.00","1,049.00","1,018.00","1,039.00","1,422","1,465,204.00"
LLBS,2025/06/26,"1,040.40","1,040.40","1,000.00","1,034.90","1,890","1,933,552.70"
LLBS,2025/06/25,"1,049.00","1,049.00","1,020.00","1,020.00",205,"210,891.50"
LSL,2025/06/29,208.00,216.00,208.00,213.02,"132,930","28,107,746.60"
LSL,2025/06/26,206.70,211.60,206.70,208.89,"55,712","11,653,965.50"
LSL,2025/06/25,212.00,215.90,205.90,210.25,"142,492","29,633,173.80"
LUK,2025/06/29,9.85,10.13,9.85,10.00,"21,450","215,551.00"
LUK,2025/06/26,9.92,9.99,9.92,9.94,"11,625","116,001.75"
LUK,2025/06/25,9.88,10.00,9.88,10.00,"17,755","176,885.55"
LVF2,2025/06/29,9.76,10.04,9.76,9.90,"10,900","109,220.00"
LVF2,2025/06/26,9.79,10.14,9.79,9.85,"310,145","3,054,935.25"
LVF2,2025/06/25,9.85,9.97,9.85,9.95,"12,800","127,387.00"
MAKAR,2025/06/29,593.00,625.00,593.00,600.35,"3,324","1,996,359.00"
MAKAR,2025/06/26,612.00,618.00,602.00,605.00,"6,298","3,845,332.00"
MAKAR,2025/06/25,602.00,605.00,590.50,602.35,"2,349","1,406,514.00"
MANDU,2025/06/29,846.10,867.00,846.10,858.04,"2,025","1,726,100.60"
MANDU,2025/06/26,845.90,860.00,845.90,849.75,"1,756","1,490,296.50"
MANDU,2025/06/25,845.00,861.80,845.00,855.88,"3,198","2,728,807.80"
MATRI,2025/06/29,"1,126.20","1,160.00","1,126.20","1,155.95","1,339","1,526,082.20"
MATRI,2025/06/26,"1,150.00","1,150.00","1,125.00","1,144.41","1,641","1,862,732.70"
MATRI,2025/06/25,"1,150.00","1,157.00","1,130.00","1,130.59","2,257","2,567,958.30"
MBJC,2025/06/29,317.00,323.00,317.00,318.66,"79,412","25,323,012.40"
MBJC,2025/06/26,329.00,329.00,319.00,319.62,"83,971","26,941,082.30"
MBJC,2025/06/25,333.00,333.00,322.00,323.05,"66,727","21,694,775.20"
MBL,2025/06/29,215.10,222.70,215.00,221.61,"59,849","13,112,320.10"
MBL,2025/06/26,217.20,218.00,215.50,217.12,"32,838","7,114,474.50"
MBL,2025/06/25,215.00,218.00,215.00,217.20,"31,544","6,844,168.10"
MBLD87,2025/06/29,"1,078.00","1,078.00","1,078.00","1,078.00",95,"102,410.00"
MBLD87,2025/06/25,"1,045.00","1,065.90","1,045.00","1,065.90",95,"101,260.50"
MBLEF,2025/06/29,8.59,8.93,8.59,8.80,"4,350","38,179.00"
MBLEF,2025/06/26,8.66,8.76,8.66,8.76,"1,500","13,059.00"
MBLEF,2025/06/25,8.80,8.81,8.80,8.80,"2,300","20,245.00"
MCHL,2025/06/29,530.00,542.00,530.00,535.30,"2,487","1,337,271.50"
MCHL,2025/06/26,524.00,550.00,524.00,528.92,"5,135","2,728,636.60"
MCHL,2025/06/25,516.60,537.00,506.30,530.27,"3,056","1,620,621.60"
MDB,2025/06/29,570.00,584.80,568.20,581.79,"21,565","12,434,696.00"
MDB,2025/06/26,569.00,574.50,565.20,567.41,"11,701","6,663,840.30"
MDB,2025/06/25,574.00,574.00,557.00,561.57,"22,894","12,866,043.90"
MEHL,2025/06/29,422.00,431.00,416.70,428.88,"15,536","6,594,577.00"
MEHL,2025/06/26,433.50,434.00,419.00,421.16,"9,632","4,106,200.20"
MEHL,2025/06/25,404.00,436.00,404.00,425.03,"24,441","10,300,219.00"
MEL,2025/06/29,331.00,331.00,313.70,322.08,"74,945","23,884,886.00"
MEL,2025/06/26,338.00,350.00,320.80,324.82,"153,069","51,434,035.50"
MEL,2025/06/25,300.10,331.50,300.10,331.50,"274,670","88,788,569.60"
MEN,2025/06/29,588.00,613.00,588.00,603.07,"142,687","85,913,466.80"
MEN,2025/06/26,594.00,595.90,586.10,587.17,"71,634","42,288,953.90"
MEN,2025/06/25,590.00,595.00,585.00,591.59,"53,944","31,805,556.50"
MERO,2025/06/29,733.00,752.00,733.00,748.45,"18,871","14,083,095.80"
MERO,2025/06/26,734.90,736.00,730.00,733.80,"18,426","13,528,113.10"
MERO,2025/06/25,726.00,730.00,721.20,724.45,"5,310","3,855,145.00"
MFIL,2025/06/29,580.00,580.00,570.00,578.79,"4,946","2,845,187.40"
MFIL,2025/06/26,580.00,580.00,572.00,572.95,"9,694","5,562,014.60"
MFIL,2025/06/25,588.90,588.90,572.00,577.77,"10,775","6,213,322.90"
MHCL,2025/06/29,435.10,443.60,435.10,439.01,"6,981","3,065,532.00"
MHCL,2025/06/26,432.00,450.00,432.00,442.99,"19,122","8,480,800.90"
MHCL,2025/06/25,434.00,440.60,417.20,436.18,"17,660","7,591,241.00"
MHL,2025/06/29,570.00,575.00,554.00,566.40,"5,222","2,943,332.50"
MHL,2025/06/26,570.10,588.00,570.00,573.65,"4,091","2,358,094.60"
MHL,2025/06/25,562.10,594.00,562.10,577.41,"1,396","810,898.00"
MHNL,2025/06/29,282.00,292.90,271.10,285.20,"65,456","18,347,606.70"
MHNL,2025/06/26,287.00,294.00,275.00,280.79,"140,301","40,188,702.40"
MHNL,2025/06/25,266.00,290.00,261.00,283.93,"131,039","36,260,498.80"
MKCL,2025/06/29,"1,450.00","1,474.00","1,440.00","1,466.40","5,990","8,722,659.20"
MKCL,2025/06/26,"1,483.00","1,494.90","1,450.00","1,453.94","1,963","2,877,304.40"
MKCL,2025/06/25,"1,440.00","1,468.00","1,431.10","1,465.90","1,993","2,904,508.80"
MKHC,2025/06/29,425.00,459.00,423.00,449.55,"57,898","25,553,524.20"
MKHC,2025/06/26,436.90,445.60,420.00,433.26,"38,119","16,477,315.60"
MKHC,2025/06/25,422.00,430.00,412.00,428.42,"29,739","12,521,991.40"
MKHL,2025/06/29,722.00,795.60,722.00,727.53,"87,024","65,146,620.20"
MKHL,2025/06/26,731.00,756.50,685.00,730.03,"29,327","21,422,802.90"
MKHL,2025/06/25,732.00,745.00,718.10,741.75,"2,569","1,900,012.70"
MKJC,2025/06/29,544.00,544.00,525.00,527.92,"43,369","23,025,602.70"
MKJC,2025/06/26,542.70,559.90,533.80,535.61,"91,199","49,738,329.80"
MKJC,2025/06/25,501.00,540.00,501.00,532.10,"46,947","24,557,367.60"
MLBBL,2025/06/29,"1,415.00","1,415.00","1,400.00","1,410.89","1,303","1,832,317.00"
MLBBL,2025/06/26,"1,393.00","1,417.00","1,384.00","1,396.36","1,787","2,491,320.30"
MLBBL,2025/06/25,"1,393.10","1,420.00","1,393.10","1,395.76","2,098","2,936,281.70"
MLBL,2025/06/29,372.10,379.00,372.00,378.47,"26,398","9,923,490.00"
MLBL,2025/06/26,377.70,379.90,373.00,373.82,"23,812","8,938,692.40"
MLBL,2025/06/25,373.00,377.80,372.00,372.96,"28,495","10,658,681.00"
MLBS,2025/06/29,"1,440.00","1,501.00","1,430.00","1,472.08",653,"964,821.50"
MLBS,2025/06/26,"1,412.10","1,462.50","1,412.10","1,443.42","1,469","2,096,059.90"
MLBS,2025/06/25,"1,500.00","1,500.00","1,430.00","1,434.03","1,767","2,546,869.60"
MLBSL,2025/06/29,"2,070.10","2,271.00","2,070.10","2,133.04","2,350","4,929,610.50"
MLBSL,2025/06/26,"2,100.00","2,125.00","2,090.00","2,095.70",628,"1,318,823.00"
MLBSL,2025/06/25,"2,070.00","2,140.00","2,070.00","2,140.00",485,"1,020,974.00"
MMF1,2025/06/29,8.85,9.05,8.83,8.96,"31,100","278,234.00"
MMF1,2025/06/26,8.85,9.04,8.85,8.90,"36,860","331,165.40"
MMF1,2025/06/25,8.77,8.95,8.75,8.85,"19,950","176,635.40"
MMKJL,2025/06/29,543.00,543.00,535.20,539.06,"8,398","4,524,716.10"
MMKJL,2025/06/26,535.70,577.90,535.20,542.58,"7,284","3,996,745.30"
MMKJL,2025/06/25,528.20,552.00,528.20,535.70,"2,120","1,134,928.50"
MNBBL,2025/06/29,354.00,355.00,353.00,354.61,"29,890","10,569,815.80"
MNBBL,2025/06/26,354.00,354.80,352.40,354.00,"22,749","8,032,410.10"
MNBBL,2025/06/25,354.20,355.00,353.10,354.28,"25,076","8,880,830.90"
MNMF1,2025/06/29,9.23,9.41,8.91,9.00,"5,477","49,944.21"
MNMF1,2025/06/26,9.05,9.10,9.04,9.05,"24,700","224,315.00"
MNMF1,2025/06/25,9.40,9.40,8.91,9.02,"6,930","62,532.50"
MPFL,2025/06/29,587.40,587.40,573.20,577.60,"5,947","3,432,250.30"
MPFL,2025/06/26,585.00,595.00,575.10,575.95,"6,178","3,571,831.90"
MPFL,2025/06/25,594.80,594.80,577.00,577.92,"4,550","2,642,556.20"
MSHL,2025/06/29,907.00,907.00,860.00,875.00,"1,191","1,030,108.50"
MSHL,2025/06/26,875.30,905.00,860.10,890.75,"7,459","6,649,497.90"
MSHL,2025/06/25,870.80,886.00,850.00,858.14,"1,390","1,189,527.20"
MSLB,2025/06/29,"1,161.50","1,199.80","1,160.00","1,187.98","3,674","4,324,461.80"
MSLB,2025/06/26,"1,158.00","1,180.00","1,158.00","1,166.50","1,926","2,243,755.60"
MSLB,2025/06/25,"1,155.00","1,190.00","1,155.00","1,169.94",792,"925,930.40"
NABBC,2025/06/29,"1,590.00","1,609.00","1,565.50","1,591.50","14,735","23,517,921.50"
NABBC,2025/06/26,"1,574.30","1,603.20","1,552.30","1,593.46","36,574","57,939,154.70"
NABBC,2025/06/25,"1,590.00","1,605.00","1,549.00","1,603.36","3,638","5,782,800.90"
NABIL,2025/06/29,482.00,490.00,482.00,489.82,"40,790","19,855,309.40"
NABIL,2025/06/26,486.00,488.50,485.10,485.95,"33,097","16,101,679.80"
NABIL,2025/06/25,488.00,488.90,481.00,486.24,"24,807","12,047,864.20"
NADEP,2025/06/29,805.00,836.00,805.00,827.55,"2,352","1,949,149.00"
NADEP,2025/06/26,831.90,831.90,805.00,805.48,"1,274","1,029,109.80"
NADEP,2025/06/25,809.10,821.90,809.00,815.71,431,"350,860.10"
NBF2,2025/06/29,10.00,10.11,9.85,9.98,"11,700","117,739.51"
NBF2,2025/06/26,9.81,10.00,9.81,9.99,"4,751","47,392.90"
NBF2,2025/06/25,10.00,10.00,9.75,9.84,"73,080","722,607.20"
NBF3,2025/06/29,9.60,9.84,9.60,9.75,"92,915","905,879.00"
NBF3,2025/06/26,9.88,9.88,9.32,9.69,"110,535","1,075,578.25"
NBF3,2025/06/25,9.54,9.73,9.54,9.69,"52,170","505,421.50"
NBL,2025/06/29,254.00,254.50,249.30,253.68,"53,614","13,486,063.10"
NBL,2025/06/26,251.00,253.00,249.00,251.24,"36,629","9,196,244.40"
NBL,2025/06/25,253.80,253.80,250.00,251.79,"50,371","12,639,988.10"
NBLD85,2025/06/29,"1,041.10","1,041.10","1,041.10","1,041.10",15,"15,616.50"
NBLD87,2025/06/26,"1,046.00","1,046.00","1,044.80","1,044.80",50,"52,270.00"
NESDO,2025/06/29,"1,505.00","1,525.00","1,470.50","1,521.17","1,588","2,373,231.60"
NESDO,2025/06/26,"1,500.00","1,510.00","1,484.30","1,500.27","1,903","2,846,359.10"
NESDO,2025/06/25,"1,528.00","1,529.00","1,498.50","1,514.04","1,840","2,797,430.00"
NFS,2025/06/29,615.00,615.00,600.00,605.91,"21,997","13,293,131.60"
NFS,2025/06/26,603.00,624.00,603.00,605.10,"24,934","15,251,497.90"
NFS,2025/06/25,608.00,617.90,602.00,605.34,"16,227","9,844,136.50"
NGPL,2025/06/29,398.60,398.60,386.80,388.95,"601,317","234,183,231.90"
NGPL,2025/06/26,400.00,404.90,390.10,390.79,"818,138","323,206,166.20"
NGPL,2025/06/25,405.90,407.00,398.00,400.96,"433,317","173,598,368.70"
NHDL,2025/06/29,678.03,697.00,665.00,683.95,"1,925","1,301,760.10"
NHDL,2025/06/26,669.00,695.00,661.00,678.03,"9,692","6,564,585.90"
NHDL,2025/06/25,668.90,669.00,656.00,656.63,"3,445","2,276,001.80"
NHPC,2025/06/29,215.00,215.00,211.20,212.48,"39,100","8,318,608.40"
NHPC,2025/06/26,213.00,215.40,212.50,212.82,"90,357","19,304,149.30"
NHPC,2025/06/25,218.00,218.00,211.30,212.11,"96,866","20,610,521.90"
NIBD84,2025/06/29,"1,045.00","1,045.00","1,045.00","1,045.00",25,"26,125.00"
NIBD84,2025/06/25,"1,055.00","1,055.00","1,055.00","1,055.00",300,"316,500.00"
NIBLGF,2025/06/29,8.60,8.77,8.50,8.77,"46,501","404,595.71"
NIBLGF,2025/06/26,8.70,8.75,8.70,8.75,380,"3,319.00"
NIBLGF,2025/06/25,8.75,8.92,8.75,8.76,"1,100","9,667.00"
NIBLSTF,2025/06/29,8.30,8.37,8.17,8.32,"8,400","69,968.00"
NIBLSTF,2025/06/26,8.25,8.30,8.25,8.30,"8,830","72,911.00"
NIBLSTF,2025/06/25,8.48,8.48,8.21,8.25,"2,100","17,617.00"
NIBSF2,2025/06/29,8.26,8.50,8.26,8.40,"2,480","20,797.00"
NIBSF2,2025/06/26,8.35,8.36,8.31,8.36,"16,165","134,755.40"
NIBSF2,2025/06/25,8.31,8.50,8.31,8.34,"12,200","103,023.00"
NICA,2025/06/29,340.00,345.00,335.00,343.92,"64,107","21,745,989.10"
NICA,2025/06/26,340.00,341.00,336.00,337.42,"37,902","12,803,881.90"
NICA,2025/06/25,338.50,340.90,335.30,338.68,"62,197","21,065,787.00"
NICBF,2025/06/29,9.15,9.33,9.15,9.30,"1,700","15,750.00"
NICBF,2025/06/26,9.14,9.15,9.14,9.15,"1,100","10,055.00"
NICBF,2025/06/25,9.06,9.18,9.05,9.18,"1,500","13,641.00"
NICFC,2025/06/29,9.21,9.30,9.21,9.29,"11,900","110,500.00"
NICFC,2025/06/26,9.15,9.20,9.15,9.17,"1,700","15,612.00"
NICFC,2025/06/25,9.17,9.39,9.16,9.30,"5,500","51,064.00"
NICGF2,2025/06/29,8.48,8.74,8.48,8.66,"3,700","32,051.00"
NICGF2,2025/06/26,8.62,8.63,8.62,8.63,"1,200","10,349.00"
NICGF2,2025/06/25,8.55,8.79,8.55,8.75,"1,700","14,746.00"
NICL,2025/06/29,577.00,580.00,570.00,575.20,"8,627","4,962,354.80"
NICL,2025/06/26,578.50,586.00,571.00,571.33,"14,252","8,217,808.30"
NICL,2025/06/25,576.10,585.00,576.00,578.98,"4,419","2,560,532.00"
NICLBSL,2025/06/29,605.20,622.00,605.00,617.56,"6,973","4,293,933.80"
NICLBSL,2025/06/26,607.00,612.50,605.00,605.11,"3,892","2,361,474.00"
NICLBSL,2025/06/25,617.00,617.00,606.00,606.93,"3,665","2,232,647.30"
NICSF,2025/06/29,8.90,9.10,8.90,9.00,"3,861","34,627.12"
NICSF,2025/06/26,8.92,9.03,8.92,8.95,"13,940","125,185.50"
NICSF,2025/06/25,8.87,9.04,8.87,8.90,"10,225","91,402.25"
NIFRA,2025/06/29,268.00,272.00,266.00,270.76,"152,728","41,063,428.70"
NIFRA,2025/06/26,271.00,274.00,266.20,268.18,"277,780","74,986,955.10"
NIFRA,2025/06/25,273.00,274.00,270.00,271.43,"115,809","31,427,115.80"
NIL,2025/06/29,665.00,675.00,665.00,667.34,"20,668","13,842,128.80"
NIL,2025/06/26,665.00,670.00,663.50,664.12,"8,969","5,967,247.90"
NIL,2025/06/25,674.00,674.00,665.00,665.03,"8,558","5,694,566.00"
NIMB,2025/06/29,206.80,214.00,205.10,212.92,"122,808","25,686,743.00"
NIMB,2025/06/26,207.00,210.00,204.90,206.87,"68,210","14,132,921.30"
NIMB,2025/06/25,208.00,209.90,205.50,206.20,"64,495","13,364,291.10"
NIMBPO,2025/06/29,157.00,169.00,156.60,163.38,"51,049","8,288,065.40"
NIMBPO,2025/06/26,155.00,160.00,155.00,159.57,"4,667","736,791.70"
NIMBPO,2025/06/25,158.50,159.00,157.50,158.12,"4,164","658,428.00"
NLG,2025/06/29,760.00,775.30,753.10,772.08,"21,777","16,688,145.60"
NLG,2025/06/26,762.60,769.00,757.10,759.76,"15,431","11,781,433.30"
NLG,2025/06/25,760.00,770.00,760.00,764.04,"11,063","8,434,528.30"
NLIC,2025/06/29,735.00,735.00,720.00,727.66,"33,010","23,855,922.90"
NLIC,2025/06/26,724.00,731.00,720.00,720.78,"45,362","32,820,028.70"
NLIC,2025/06/25,741.90,741.90,723.10,724.64,"45,649","33,152,801.00"
NLICL,2025/06/29,586.70,586.70,570.00,579.41,"12,398","7,144,407.30"
NLICL,2025/06/26,576.00,584.00,573.30,576.38,"16,269","9,389,865.40"
NLICL,2025/06/25,577.00,577.00,567.50,576.23,"9,865","5,638,922.00"
NMB,2025/06/29,233.10,258.00,233.10,243.23,"45,056","10,740,407.90"
NMB,2025/06/26,233.00,236.90,233.00,235.39,"29,936","7,050,368.20"
NMB,2025/06/25,235.00,240.00,233.10,234.90,"20,505","4,812,531.80"
NMB50,2025/06/29,10.31,10.55,10.29,10.48,"531,713","5,484,269.75"
NMB50,2025/06/26,10.51,10.51,10.30,10.37,"154,200","1,599,602.00"
NMB50,2025/06/25,10.50,10.50,10.30,10.41,"150,700","1,564,701.82"
NMBHF2,2025/06/29,8.75,8.94,8.61,8.70,"11,350","98,606.00"
NMBHF2,2025/06/26,8.89,9.06,8.44,8.77,"11,300","97,408.00"
NMBHF2,2025/06/25,8.69,8.73,8.53,8.72,"21,410","186,423.30"
NMBMF,2025/06/29,672.00,680.00,665.00,677.73,"2,517","1,696,742.40"
NMBMF,2025/06/26,671.90,671.90,660.00,662.07,"5,255","3,494,442.80"
NMBMF,2025/06/25,666.60,679.00,665.00,665.61,"4,358","2,911,480.00"
NMFBS,2025/06/29,"1,205.00","1,247.00","1,200.00","1,224.28","5,222","6,324,326.90"
NMFBS,2025/06/26,"1,200.50","1,208.00","1,200.50","1,204.69","2,869","3,457,298.10"
NMFBS,2025/06/25,"1,205.51","1,210.00","1,202.20","1,205.00","2,961","3,565,200.10"
NMIC,2025/06/29,"1,593.60","1,593.60","1,535.00","1,539.80","12,591","19,520,906.60"
NMIC,2025/06/26,"1,600.00","1,621.00","1,545.50","1,562.40","15,548","24,482,280.70"
NMIC,2025/06/25,"1,570.00","1,646.00","1,561.30","1,599.75","25,556","41,222,425.70"
NMLBBL,2025/06/29,636.00,647.60,630.00,645.71,"10,860","6,977,076.50"
NMLBBL,2025/06/26,630.00,635.00,626.10,627.39,"3,821","2,401,038.00"
NMLBBL,2025/06/25,630.00,636.00,628.30,630.51,"1,888","1,190,991.60"
NRIC,2025/06/29,"1,203.00","1,265.00","1,203.00","1,238.48","81,448","101,264,894.20"
NRIC,2025/06/26,"1,205.00","1,230.00","1,202.00","1,208.20","36,726","44,443,527.20"
NRIC,2025/06/25,"1,200.00","1,223.30","1,200.00","1,206.95","33,080","39,942,697.60"
NRM,2025/06/29,440.00,440.00,425.10,430.76,"27,889","11,996,528.20"
NRM,2025/06/26,430.00,440.00,430.00,431.60,"23,630","10,252,917.40"
NRM,2025/06/25,439.90,439.90,429.20,433.89,"20,617","8,911,402.70"
NRN,2025/06/29,"1,973.00","2,030.50","1,973.00","2,004.49","53,558","108,022,769.90"
NRN,2025/06/26,"2,017.00","2,050.00","2,000.00","2,013.12","49,876","100,977,490.00"
NRN,2025/06/25,"2,000.00","2,074.00","2,000.00","2,037.51","177,011","361,660,004.50"
NSIF2,2025/06/29,10.57,10.78,10.50,10.68,"51,670","555,955.20"
NSIF2,2025/06/26,10.46,10.70,10.46,10.57,"12,050","128,172.00"
NSIF2,2025/06/25,10.48,10.56,10.48,10.56,"1,700","17,858.00"
NTC,2025/06/29,840.00,848.00,838.00,840.48,"11,399","9,578,063.00"
NTC,2025/06/26,843.00,850.00,839.00,839.88,"13,345","11,218,313.70"
NTC,2025/06/25,841.00,848.00,839.10,843.11,"9,234","7,783,371.80"
NUBL,2025/06/29,692.00,692.00,678.00,688.30,"7,368","5,034,392.00"
NUBL,2025/06/26,690.00,695.00,680.00,681.60,"14,316","9,776,834.40"
NUBL,2025/06/25,671.10,691.00,671.00,681.41,"8,364","5,708,379.30"
NWCL,2025/06/29,845.00,855.90,840.00,848.66,"2,647","2,245,278.00"
NWCL,2025/06/26,860.00,860.00,835.00,851.07,"3,093","2,623,982.80"
NWCL,2025/06/25,848.00,864.00,848.00,850.72,"2,143","1,821,884.90"
NYADI,2025/06/29,445.00,445.10,433.20,436.15,"34,190","14,984,903.80"
NYADI,2025/06/26,420.00,447.10,420.00,444.56,"99,793","43,952,090.20"
NYADI,2025/06/25,420.70,424.00,412.00,420.20,"28,059","11,698,857.20"
OHL,2025/06/29,884.00,884.00,850.70,868.52,"23,388","20,169,228.50"
OHL,2025/06/26,889.00,889.00,873.10,873.39,"10,745","9,447,253.50"
OHL,2025/06/25,876.00,887.50,875.00,885.62,"5,648","4,985,985.50"
OMPL,2025/06/29,"1,354.00","1,354.00","1,314.00","1,330.30","16,246","21,618,092.00"
OMPL,2025/06/26,"1,440.00","1,445.00","1,341.00","1,354.71","21,242","29,453,393.30"
OMPL,2025/06/25,"1,409.00","1,480.00","1,383.00","1,442.07","31,551","45,772,834.70"
PBD85,2025/06/29,"1,050.10","1,050.10","1,050.10","1,050.10",50,"52,505.00"
PBD88,2025/06/29,"1,151.00","1,190.00","1,128.00","1,190.00",100,"116,024.00"
PBD88,2025/06/26,"1,130.00","1,130.00","1,130.00","1,130.00",40,"45,200.00"
PBLD84,2025/06/29,"1,121.00","1,122.10","1,100.00","1,100.00",195,"217,566.00"
PCBL,2025/06/29,236.20,245.00,235.10,244.20,"67,110","16,155,299.60"
PCBL,2025/06/26,240.00,240.00,236.10,237.82,"33,937","8,059,690.10"
PCBL,2025/06/25,239.50,239.50,235.00,237.79,"30,471","7,210,133.90"
PFL,2025/06/29,396.00,404.00,391.00,402.19,"11,037","4,420,157.40"
PFL,2025/06/26,397.00,402.00,396.00,396.64,"11,509","4,583,080.30"
PFL,2025/06/25,402.00,402.00,394.00,395.28,"14,867","5,894,470.80"
PHCL,2025/06/29,519.00,530.90,510.00,513.17,"7,108","3,669,944.10"
PHCL,2025/06/26,482.80,530.20,482.80,521.07,"38,660","19,743,067.90"
PHCL,2025/06/25,486.40,496.00,480.20,486.35,"25,179","12,206,353.60"
PMHPL,2025/06/29,435.00,435.00,411.60,420.19,"261,224","109,913,266.50"
PMHPL,2025/06/26,435.10,459.00,415.10,434.08,"271,549","118,404,816.80"
PMHPL,2025/06/25,415.00,450.00,408.00,443.96,"270,762","115,005,382.10"
PMLI,2025/06/29,480.20,500.80,480.20,495.62,"10,082","4,963,062.00"
PMLI,2025/06/26,487.00,518.00,480.30,488.48,"8,132","3,987,037.80"
PMLI,2025/06/25,493.20,495.00,490.00,490.06,"6,568","3,235,768.70"
PPCL,2025/06/29,377.00,401.70,375.00,393.33,"326,327","126,013,015.50"
PPCL,2025/06/26,400.00,404.00,383.00,384.37,"226,761","89,180,143.10"
PPCL,2025/06/25,375.00,400.00,366.10,396.86,"376,053","145,433,465.40"
PPL,2025/06/29,402.00,410.00,385.40,392.85,"14,355","5,663,341.70"
PPL,2025/06/26,389.00,406.90,389.00,401.83,"44,367","17,751,303.10"
PPL,2025/06/25,381.10,388.00,380.00,386.75,"7,499","2,887,777.40"
PRIN,2025/06/29,852.10,854.50,849.00,852.30,"11,574","9,864,611.10"
PRIN,2025/06/26,866.00,866.00,847.30,848.65,"8,861","7,542,313.10"
PRIN,2025/06/25,850.00,856.00,845.00,849.18,"8,459","7,188,276.00"
PROFL,2025/06/29,473.00,479.70,470.00,477.00,"6,734","3,200,670.30"
PROFL,2025/06/26,484.90,484.90,472.00,472.65,"12,154","5,755,679.60"
PROFL,2025/06/25,487.00,487.00,475.60,476.31,"5,446","2,607,718.60"
PRSF,2025/06/29,10.91,11.20,10.91,11.01,"144,780","1,600,200.00"
PRSF,2025/06/26,11.10,11.11,10.91,11.10,"250,700","2,765,928.50"
PRSF,2025/06/25,10.78,11.00,10.78,11.00,"91,100","992,059.00"
PRVU,2025/06/29,200.10,206.40,200.00,205.98,"134,879","27,360,558.50"
PRVU,2025/06/26,204.00,205.00,200.10,200.79,"84,629","17,059,265.60"
PRVU,2025/06/25,202.00,204.00,200.00,202.18,"105,647","21,292,614.40"
PSF,2025/06/29,10.60,11.02,10.60,10.95,"98,000","1,073,997.00"
PSF,2025/06/26,10.78,10.90,10.75,10.80,"118,800","1,280,268.00"
PSF,2025/06/25,10.86,10.97,10.84,10.90,"7,800","84,766.00"
PURE,2025/06/29,925.00,950.00,901.00,912.83,"31,782","29,053,317.20"
PURE,2025/06/26,971.40,976.00,941.00,942.94,"44,968","42,901,795.50"
PURE,2025/06/25,995.70,"1,025.00",940.00,991.15,"33,205","32,855,079.50"
RADHI,2025/06/29,770.00,793.00,770.00,777.06,"272,748","212,814,847.80"
RADHI,2025/06/26,784.30,810.00,780.10,781.11,"497,210","392,032,383.00"
RADHI,2025/06/25,819.90,819.90,791.20,800.28,"310,295","248,938,770.50"
RAWA,2025/06/29,796.70,812.60,782.00,782.00,"1,892","1,485,368.00"
RAWA,2025/06/26,785.10,833.00,738.20,781.10,"6,664","5,223,889.50"
RAWA,2025/06/25,761.00,853.80,761.00,801.04,"2,793","2,213,081.50"
RBCL,2025/06/29,"14,500.00","14,555.00","14,403.00","14,555.00",155,"2,239,461.00"
RBCL,2025/06/26,"14,460.00","14,675.00","14,450.00","14,546.66",110,"1,595,460.00"
RBCL,2025/06/25,"14,507.00","14,695.00","14,460.00","14,545.10",200,"2,900,774.00"
RBCLPO,2025/06/29,"11,251.00","11,300.00","11,250.00","11,300.00",140,"1,578,520.00"
RBCLPO,2025/06/26,"11,544.00","11,772.00","11,400.00","11,400.00",70,"808,846.00"
RFPL,2025/06/29,553.00,606.90,550.00,594.90,"178,203","105,072,960.80"
RFPL,2025/06/26,555.00,583.00,555.00,564.07,"75,652","43,174,792.20"
RFPL,2025/06/25,562.00,581.00,560.00,565.68,"34,864","19,795,424.80"
RHGCL,2025/06/29,320.00,332.00,320.00,325.62,"25,020","8,179,448.50"
RHGCL,2025/06/26,324.00,329.00,320.10,323.05,"25,473","8,259,015.60"
RHGCL,2025/06/25,315.00,333.00,310.00,318.11,"14,908","4,711,991.70"
RHPL,2025/06/29,370.00,376.00,363.00,369.45,"87,551","32,353,056.30"
RHPL,2025/06/26,375.20,380.00,369.60,370.39,"106,550","39,674,267.80"
RHPL,2025/06/25,380.40,384.00,372.80,377.12,"34,131","12,850,133.00"
RIDI,2025/06/29,264.00,264.80,260.00,261.25,"135,028","35,269,161.90"
RIDI,2025/06/26,265.00,266.00,258.00,259.32,"136,950","35,819,785.80"
RIDI,2025/06/25,264.00,266.90,259.20,260.69,"163,092","42,650,751.10"
RLFL,2025/06/29,457.40,465.00,453.00,462.36,"11,272","5,143,015.00"
RLFL,2025/06/26,461.10,465.00,457.00,458.17,"13,662","6,288,905.90"
RLFL,2025/06/25,461.10,467.80,460.00,460.69,"5,817","2,695,951.80"
RMF1,2025/06/29,9.60,9.70,9.60,9.60,"10,600","101,780.00"
RMF1,2025/06/26,9.46,9.65,9.46,9.60,"17,925","172,114.00"
RMF1,2025/06/25,9.50,9.67,9.50,9.65,"32,500","312,048.00"
RMF2,2025/06/29,9.50,9.65,9.50,9.65,"2,300","22,161.00"
RMF2,2025/06/25,9.47,9.47,9.47,9.47,900,"8,523.00"
RNLI,2025/06/29,431.00,439.00,430.00,437.35,"20,776","9,025,085.60"
RNLI,2025/06/26,431.10,435.90,430.00,430.42,"21,505","9,290,372.40"
RNLI,2025/06/25,434.10,436.00,431.20,432.83,"10,860","4,702,309.10"
RSDC,2025/06/29,649.00,665.00,647.00,663.54,"7,696","5,057,794.80"
RSDC,2025/06/26,648.36,663.00,645.10,655.51,"7,957","5,197,184.90"
RSDC,2025/06/25,660.00,660.00,646.80,648.36,"10,161","6,652,421.60"
RURU,2025/06/29,699.00,724.80,699.00,714.07,"8,716","6,212,183.40"
RURU,2025/06/26,703.00,729.00,703.00,712.89,"9,116","6,505,762.50"
RURU,2025/06/25,706.00,720.00,706.00,715.36,"10,725","7,649,399.50"
SADBL,2025/06/29,392.50,399.90,392.00,396.76,"45,927","18,124,674.20"
SADBL,2025/06/26,399.00,399.00,392.00,392.54,"33,983","13,368,289.80"
SADBL,2025/06/25,395.00,399.00,393.00,393.34,"24,756","9,747,927.80"
SAGF,2025/06/29,9.75,10.20,9.75,10.19,"23,800","241,223.00"
SAGF,2025/06/26,9.80,9.88,9.80,9.88,500,"4,924.00"
SAGF,2025/06/25,9.75,9.94,9.75,9.82,"7,100","69,664.00"
SAHAS,2025/06/29,573.00,600.20,568.10,595.06,"975,598","578,688,202.50"
SAHAS,2025/06/26,552.00,570.00,552.00,565.05,"381,631","215,423,656.60"
SAHAS,2025/06/25,553.00,559.90,544.20,552.53,"114,130","62,710,384.10"
SALICO,2025/06/29,655.00,674.90,653.80,669.98,"2,917","1,929,789.00"
SALICO,2025/06/26,668.00,669.10,663.00,666.99,"3,108","2,070,099.20"
SALICO,2025/06/25,665.00,678.00,665.00,668.38,"3,914","2,615,556.60"
SAMAJ,2025/06/29,"2,135.00","2,159.50","2,130.00","2,133.42",463,"989,442.00"
SAMAJ,2025/06/26,"2,198.00","2,198.00","2,131.00","2,135.28",265,"569,025.30"
SAMAJ,2025/06/25,"2,131.00","2,194.00","2,131.00","2,156.60",225,"485,872.40"
SAND2085,2025/06/29,"1,139.00","1,158.50","1,139.00","1,158.50",100,"114,407.50"
SAND2085,2025/06/25,"1,125.00","1,125.00","1,125.00","1,125.00",50,"56,250.00"
SANIMA,2025/06/29,319.90,324.30,315.50,322.24,"145,817","46,679,361.20"
SANIMA,2025/06/26,314.50,318.80,314.00,317.81,"70,007","22,185,236.30"
SANIMA,2025/06/25,319.90,319.90,314.00,314.87,"61,365","19,347,744.60"
SAPDBL,2025/06/29,"1,015.70","1,095.40","1,015.70","1,095.40","166,986","181,307,560.30"
SAPDBL,2025/06/26,930.00,"1,004.90",918.00,995.88,"103,688","101,012,473.80"
SAPDBL,2025/06/25,928.60,928.60,910.10,913.63,"18,343","16,775,308.20"
SARBTM,2025/06/29,820.00,833.00,820.00,831.35,"33,117","27,410,735.80"
SARBTM,2025/06/26,825.50,832.00,825.40,826.49,"15,255","12,630,103.10"
SARBTM,2025/06/25,825.00,832.00,825.00,826.84,"14,377","11,884,942.30"
SBCF,2025/06/29,9.50,9.60,9.50,9.56,"2,050","19,653.00"
SBCF,2025/06/26,9.45,9.68,9.45,9.60,"14,810","142,408.00"
SBCF,2025/06/25,9.36,9.63,9.35,9.52,"96,820","928,880.00"
SBI,2025/06/29,383.50,394.00,383.50,392.47,"16,253","6,325,987.30"
SBI,2025/06/26,384.00,391.60,383.00,386.57,"21,912","8,485,894.00"
SBI,2025/06/25,389.00,389.50,385.00,385.72,"6,193","2,392,767.20"
SBID83,2025/06/29,"1,102.60","1,102.60","1,102.60","1,102.60",600,"661,560.00"
SBID89,2025/06/29,"1,126.80","1,137.00","1,126.80","1,137.00",163,"185,229.00"
SBL,2025/06/29,305.00,311.50,305.00,310.72,"82,774","25,509,367.40"
SBL,2025/06/26,302.00,308.00,301.80,305.59,"42,654","13,056,618.90"
SBL,2025/06/25,310.00,310.00,303.80,305.98,"79,701","24,377,378.40"
SCB,2025/06/29,619.00,619.00,612.00,615.12,"9,551","5,865,477.70"
SCB,2025/06/26,610.00,615.00,610.00,612.87,"8,281","5,079,111.00"
SCB,2025/06/25,610.00,619.50,610.00,612.54,"5,919","3,624,578.60"
SDBD87,2025/06/29,"1,106.00","1,106.00","1,106.00","1,106.00",25,"27,650.00"
SEF,2025/06/29,10.00,10.01,9.95,10.01,"3,270","32,646.00"
SEF,2025/06/26,9.91,10.10,9.91,10.10,"4,000","39,865.00"
SEF,2025/06/25,9.88,10.04,9.88,10.04,"146,168","1,461,441.50"
SFCL,2025/06/29,462.00,469.00,460.00,466.58,"16,568","7,687,006.50"
SFCL,2025/06/26,470.00,473.00,464.00,464.64,"11,090","5,164,429.20"
SFCL,2025/06/25,465.00,472.00,463.70,464.55,"12,372","5,763,345.00"
SFEF,2025/06/29,9.79,9.98,9.70,9.80,"390,331","3,815,575.78"
SFEF,2025/06/26,9.69,9.98,9.69,9.98,"593,169","5,801,379.20"
SFEF,2025/06/25,9.50,9.70,9.31,9.50,"405,500","3,804,415.00"
SFMF,2025/06/29,10.70,10.92,10.50,10.71,"29,650","313,600.50"
SFMF,2025/06/26,10.98,10.98,10.40,10.50,"16,400","171,341.00"
SFMF,2025/06/25,10.80,10.80,10.38,10.80,"21,700","228,224.00"
SGHC,2025/06/29,398.00,401.00,391.00,393.53,"19,218","7,590,071.30"
SGHC,2025/06/26,400.10,411.00,395.00,405.47,"17,901","7,209,621.40"
SGHC,2025/06/25,400.00,415.00,400.00,406.51,"11,838","4,824,906.00"
SGIC,2025/06/29,527.00,539.90,527.00,536.89,"25,703","13,711,883.10"
SGIC,2025/06/26,526.10,535.00,526.10,527.03,"12,749","6,755,837.70"
SGIC,2025/06/25,530.00,538.30,525.00,528.60,"11,100","5,852,495.50"
SHEL,2025/06/29,293.10,296.00,287.70,291.88,"473,506","138,080,800.20"
SHEL,2025/06/26,305.00,308.00,294.60,295.08,"1,053,584","316,182,125.70"
SHEL,2025/06/25,300.10,306.00,297.00,302.44,"388,318","117,039,881.90"
SHINE,2025/06/29,392.10,399.70,392.10,399.37,"23,462","9,265,048.90"
SHINE,2025/06/26,401.90,401.90,395.00,396.62,"26,857","10,661,511.20"
SHINE,2025/06/25,395.30,400.00,395.10,396.92,"31,994","12,688,477.20"
SHIVM,2025/06/29,495.00,504.90,495.00,501.38,"102,693","51,491,592.20"
SHIVM,2025/06/26,510.80,510.80,500.10,501.05,"141,177","70,897,689.60"
SHIVM,2025/06/25,505.00,508.00,503.00,503.67,"84,699","42,725,767.60"
SHL,2025/06/29,540.00,557.80,540.00,553.26,"99,674","55,017,462.70"
SHL,2025/06/26,561.00,578.30,546.00,550.65,"204,538","113,742,018.60"
SHL,2025/06/25,558.10,566.90,550.00,562.84,"97,030","54,557,248.50"
SHLB,2025/06/29,"1,785.00","1,844.90","1,785.00","1,832.16",615,"1,118,190.50"
SHLB,2025/06/26,"1,834.40","1,834.40","1,776.30","1,780.09",692,"1,254,368.00"
SHLB,2025/06/25,"1,766.30","1,800.00","1,766.30","1,798.60",440,"781,515.50"
SHPC,2025/06/29,595.00,613.90,595.00,600.96,"295,930","178,356,203.80"
SHPC,2025/06/26,600.40,619.00,600.40,606.45,"375,459","229,580,999.00"
SHPC,2025/06/25,603.00,616.00,599.10,612.65,"332,456","202,041,058.50"
SICL,2025/06/29,716.10,720.00,713.00,716.74,"9,152","6,548,188.50"
SICL,2025/06/26,725.00,725.50,715.00,716.66,"15,338","11,024,254.30"
SICL,2025/06/25,722.00,725.00,719.00,724.80,"13,783","9,953,111.60"
SIFC,2025/06/29,513.00,517.00,504.00,514.41,"19,302","9,830,658.10"
SIFC,2025/06/26,500.00,515.00,500.00,505.96,"20,472","10,390,508.10"
SIFC,2025/06/25,523.00,523.00,505.10,508.94,"16,966","8,663,999.50"
SIGS2,2025/06/29,9.87,10.20,9.87,10.20,"9,900","100,858.00"
SIGS2,2025/06/26,10.04,10.04,10.04,10.04,"1,401","14,066.04"
SIGS2,2025/06/25,10.00,10.00,9.85,9.85,"43,152","427,888.28"
SIGS3,2025/06/29,10.01,10.10,10.01,10.10,300,"3,021.00"
SIGS3,2025/06/26,10.20,10.26,10.01,10.02,"53,600","538,398.50"
SIGS3,2025/06/25,10.14,10.15,10.05,10.06,"124,500","1,258,467.00"
SIKLES,2025/06/29,825.00,864.00,819.00,853.11,770,"644,140.60"
SIKLES,2025/06/26,820.00,852.10,820.00,835.06,"1,789","1,476,472.90"
SIKLES,2025/06/25,841.80,843.90,826.10,835.46,530,"444,188.00"
SINDU,2025/06/29,740.00,776.00,730.10,759.21,"70,100","52,723,585.70"
SINDU,2025/06/26,749.80,758.90,726.00,748.02,"45,238","33,659,641.60"
SINDU,2025/06/25,767.80,767.80,732.00,735.25,"44,476","32,985,852.20"
SJCL,2025/06/29,326.90,353.20,318.10,322.30,"20,865","6,875,549.30"
SJCL,2025/06/26,325.00,325.00,319.00,321.18,"8,721","2,795,719.00"
SJCL,2025/06/25,320.00,326.00,319.50,322.21,"14,912","4,811,431.00"
SJLIC,2025/06/29,421.10,429.00,420.00,426.86,"18,678","7,895,440.20"
SJLIC,2025/06/26,420.60,428.00,420.20,423.67,"10,241","4,334,095.90"
SJLIC,2025/06/25,420.20,425.00,420.20,423.56,"14,825","6,257,234.70"
SKBBL,2025/06/29,789.00,800.00,788.10,794.92,"9,180","7,263,360.50"
SKBBL,2025/06/26,785.00,791.00,785.00,787.30,"7,798","6,139,206.90"
SKBBL,2025/06/25,795.00,795.00,781.00,785.33,"7,340","5,766,156.40"
SLBBL,2025/06/29,860.00,878.00,860.00,874.87,"10,963","9,550,725.20"
SLBBL,2025/06/26,851.00,869.00,851.00,861.08,"7,371","6,357,303.70"
SLBBL,2025/06/25,842.00,855.00,842.00,850.00,"2,401","2,042,398.80"
SLBSL,2025/06/29,"1,315.00","1,367.00","1,300.00","1,359.88","8,458","11,301,402.20"
SLBSL,2025/06/26,"1,324.90","1,336.00","1,310.00","1,316.35","4,223","5,554,990.20"
SLBSL,2025/06/25,"1,322.00","1,330.00","1,302.00","1,315.28","5,318","6,984,036.00"
SLCF,2025/06/29,9.80,10.03,9.80,9.90,"13,500","134,275.00"
SLCF,2025/06/26,9.80,9.90,9.80,9.90,"3,750","36,966.50"
SLCF,2025/06/25,9.81,9.99,9.81,9.98,"43,300","431,665.70"
SMATA,2025/06/29,814.00,818.00,796.00,802.68,"14,930","12,042,519.60"
SMATA,2025/06/26,760.10,811.00,760.00,802.42,"15,123","12,026,290.60"
SMATA,2025/06/25,771.00,787.40,748.00,775.20,"5,382","4,127,406.80"
SMB,2025/06/29,"2,009.00","2,009.00","1,968.10","1,985.00","1,003","1,988,049.30"
SMB,2025/06/26,"2,010.00","2,010.00","1,970.10","1,972.49","1,290","2,555,915.70"
SMB,2025/06/25,"2,000.00","2,040.00","2,000.00","2,000.54","1,356","2,717,845.90"
SMFBS,2025/06/29,"1,675.00","1,675.00","1,615.10","1,624.67",483,"793,844.20"
SMFBS,2025/06/26,"1,660.00","1,660.00","1,620.00","1,648.00",278,"458,552.00"
SMFBS,2025/06/25,"1,610.00","1,669.00","1,610.00","1,628.62",376,"612,639.60"
SMH,2025/06/29,815.00,842.00,810.50,811.00,293,"242,680.00"
SMH,2025/06/26,800.00,840.00,800.00,826.78,514,"421,516.00"
SMH,2025/06/25,814.00,825.00,808.00,808.84,261,"212,927.00"
SMHL,2025/06/29,983.80,999.00,949.10,995.34,"23,516","23,229,350.30"
SMHL,2025/06/26,940.50,"1,009.00",926.30,"1,003.85","21,509","21,330,588.10"
SMHL,2025/06/25,935.10,945.00,935.10,939.61,"1,372","1,286,525.80"
SMJC,2025/06/29,521.00,538.00,521.00,534.50,"23,073","12,239,416.40"
SMJC,2025/06/26,525.00,532.00,520.00,521.36,"37,631","19,861,314.60"
SMJC,2025/06/25,511.50,524.20,511.00,521.21,"12,555","6,496,749.50"
SMPDA,2025/06/29,929.00,947.00,913.00,928.28,"1,838","1,720,755.50"
SMPDA,2025/06/26,905.10,920.00,905.10,912.01,"2,966","2,702,500.70"
SMPDA,2025/06/25,908.00,916.00,908.00,912.07,"2,937","2,674,378.60"
SNLI,2025/06/29,463.00,468.00,458.00,463.71,"9,661","4,454,913.30"
SNLI,2025/06/26,457.00,464.00,457.00,458.86,"7,153","3,284,196.70"
SNLI,2025/06/25,455.00,465.00,455.00,457.56,"6,447","2,956,257.00"
SONA,2025/06/29,444.00,446.00,440.30,443.85,"29,622","13,104,576.80"
SONA,2025/06/26,448.00,448.00,442.30,442.65,"45,785","20,321,613.50"
SONA,2025/06/25,443.00,451.00,443.00,445.21,"28,690","12,802,739.00"
SPC,2025/06/29,531.90,531.90,513.50,517.98,"29,780","15,547,443.80"
SPC,2025/06/26,500.00,530.00,500.00,521.50,"97,446","50,919,643.80"
SPC,2025/06/25,486.00,500.00,485.00,496.76,"24,555","12,045,008.60"
SPDL,2025/06/29,407.50,419.50,407.50,410.41,"161,764","66,659,286.70"
SPDL,2025/06/26,414.00,433.00,413.00,414.09,"237,011","100,233,177.20"
SPDL,2025/06/25,408.00,430.00,408.00,421.66,"240,492","100,873,180.70"
SPHL,2025/06/29,629.00,658.00,629.00,643.20,"1,305","841,427.00"
SPHL,2025/06/26,640.00,642.90,630.00,641.06,"2,700","1,716,855.00"
SPHL,2025/06/25,640.00,640.00,633.00,633.08,600,"381,672.00"
SPIL,2025/06/29,785.10,804.00,784.00,800.00,"7,034","5,565,719.30"
SPIL,2025/06/26,792.00,799.00,785.60,788.86,"4,951","3,905,082.60"
SPIL,2025/06/25,788.90,798.00,784.80,790.17,"8,182","6,453,653.00"
SPL,2025/06/29,768.60,790.00,768.60,783.08,930,"729,903.50"
SPL,2025/06/26,805.40,805.40,778.00,780.11,"2,708","2,132,289.00"
SPL,2025/06/25,778.90,792.00,765.00,789.68,630,"493,465.00"
SRLI,2025/06/29,391.00,395.90,390.00,392.46,"68,277","26,831,871.50"
SRLI,2025/06/26,398.00,398.00,390.30,392.35,"37,129","14,591,828.20"
SRLI,2025/06/25,392.50,394.90,391.00,392.94,"21,531","8,443,816.20"
SRLIP,2025/06/26,201.00,201.00,201.00,201.00,"68,244","13,717,044.00"
SSHL,2025/06/29,248.10,251.00,241.20,241.81,"121,973","29,659,936.80"
SSHL,2025/06/26,249.00,257.90,245.70,248.13,"236,032","59,459,419.60"
SSHL,2025/06/25,254.00,254.00,245.50,248.22,"182,205","45,360,579.10"
STC,2025/06/29,"5,005.00","5,009.00","4,980.00","5,002.64","1,928","9,633,994.00"
STC,2025/06/26,"5,000.00","5,005.00","4,990.00","5,000.25","1,035","5,173,681.00"
STC,2025/06/25,"5,010.00","5,010.00","4,960.00","4,996.56","2,085","10,369,048.00"
SWBBL,2025/06/29,787.10,820.00,787.10,815.13,"6,466","5,162,115.60"
SWBBL,2025/06/26,790.50,800.00,787.00,795.40,"2,303","1,824,182.20"
SWBBL,2025/06/25,790.00,799.00,785.10,791.77,980,"777,961.10"
SWMF,2025/06/29,676.00,700.00,676.00,692.30,"3,290","2,263,397.00"
SWMF,2025/06/26,685.00,685.00,677.00,677.54,"2,129","1,449,305.90"
SWMF,2025/06/25,686.38,686.38,678.00,678.27,"2,171","1,476,384.80"
TAMOR,2025/06/29,511.00,527.00,511.00,524.18,"22,892","11,931,090.40"
TAMOR,2025/06/26,514.40,538.00,507.10,512.08,"57,850","30,021,439.80"
TAMOR,2025/06/25,523.00,523.00,503.70,514.26,"14,916","7,631,430.60"
TPC,2025/06/29,402.00,425.00,395.00,421.25,"135,575","56,446,537.20"
TPC,2025/06/26,405.00,428.00,398.60,402.02,"74,442","30,469,790.10"
TPC,2025/06/25,374.90,405.20,370.00,404.44,"178,171","69,843,124.20"
TRH,2025/06/29,933.00,933.00,898.00,913.95,"4,261","3,875,599.40"
TRH,2025/06/26,920.10,930.00,915.00,916.28,"8,897","8,177,753.00"
TRH,2025/06/25,934.00,934.00,920.20,929.29,"1,546","1,430,365.00"
TSHL,2025/06/29,633.60,633.60,620.10,629.90,"1,434","898,873.40"
TSHL,2025/06/26,625.40,641.30,617.00,624.07,"2,035","1,273,117.80"
TSHL,2025/06/25,630.00,635.10,621.50,628.76,"7,418","4,676,466.50"
TVCL,2025/06/29,500.00,541.00,500.00,538.39,"96,311","51,447,358.60"
TVCL,2025/06/26,504.00,514.00,496.10,508.29,"24,853","12,627,630.50"
TVCL,2025/06/25,478.20,509.90,476.10,504.57,"51,237","25,407,148.90"
UAIL,2025/06/29,577.00,580.00,570.60,573.99,"20,872","11,969,380.70"
UAIL,2025/06/26,580.00,587.00,575.00,575.99,"11,331","6,529,500.00"
UAIL,2025/06/25,576.00,578.80,572.50,576.34,"6,219","3,583,119.10"
UHEWA,2025/06/29,520.00,533.40,520.00,531.04,"5,072","2,674,834.20"
UHEWA,2025/06/26,533.00,536.00,514.00,529.45,"9,245","4,864,951.40"
UHEWA,2025/06/25,530.00,530.00,517.40,523.27,"5,790","3,027,323.30"
ULBSL,2025/06/29,"3,335.00","3,373.80","3,320.00","3,362.63","3,857","12,928,624.70"
ULBSL,2025/06/26,"3,350.00","3,350.00","3,300.00","3,337.40","2,629","8,762,061.00"
ULBSL,2025/06/25,"3,292.00","3,347.00","3,242.00","3,327.66","4,627","15,344,474.30"
ULHC,2025/06/29,466.00,470.00,455.00,462.69,"20,926","9,707,778.30"
ULHC,2025/06/26,454.00,468.00,454.00,456.96,"9,145","4,204,108.90"
ULHC,2025/06/25,463.10,472.30,445.00,454.37,"8,968","4,093,839.50"
UMHL,2025/06/29,544.10,554.80,544.10,549.38,"169,907","93,096,767.90"
UMHL,2025/06/26,540.10,553.80,540.10,547.57,"161,546","88,246,207.30"
UMHL,2025/06/25,538.00,549.00,538.00,545.91,"131,169","71,515,163.10"
UMRH,2025/06/29,581.00,599.00,581.00,593.67,"33,987","20,132,622.80"
UMRH,2025/06/26,588.80,606.00,581.00,587.35,"42,751","25,301,072.60"
UMRH,2025/06/25,575.00,586.90,575.00,580.14,"15,159","8,793,563.40"
UNHPL,2025/06/29,424.90,449.80,424.90,442.68,"549,793","243,386,291.60"
UNHPL,2025/06/26,431.70,450.00,425.10,427.37,"453,455","197,519,497.50"
UNHPL,2025/06/25,416.00,447.00,410.00,437.60,"369,275","158,022,964.00"
UNL,2025/06/29,"45,950.30","45,950.30","45,032.00","45,250.00",50,"2,281,152.00"
UNL,2025/06/26,"45,800.00","47,120.00","45,800.00","46,888.00",70,"3,246,080.00"
UNL,2025/06/25,"46,000.00","46,000.00","45,790.00","46,000.00",44,"2,021,900.00"
UNLB,2025/06/29,"2,000.00","2,000.00","1,935.90","1,999.89","1,303","2,569,143.00"
UNLB,2025/06/26,"2,000.00","2,011.00","1,970.00","1,973.55","2,450","4,857,161.90"
UNLB,2025/06/25,"1,996.00","1,996.10","1,982.00","1,983.58",456,"907,114.00"
UPCL,2025/06/29,402.00,406.00,393.00,394.41,"374,284","148,728,057.00"
UPCL,2025/06/26,412.00,420.00,400.30,401.87,"435,415","177,601,997.60"
UPCL,2025/06/25,418.00,418.00,405.00,409.49,"283,820","116,135,027.30"
UPPER,2025/06/29,195.00,197.50,194.00,195.07,"191,848","37,475,918.70"
UPPER,2025/06/26,193.00,195.80,193.00,193.22,"119,813","23,224,316.10"
UPPER,2025/06/25,194.00,196.50,193.60,194.10,"136,897","26,608,859.70"
USHEC,2025/06/29,416.00,430.00,416.00,425.32,"14,199","6,037,488.80"
USHEC,2025/06/26,425.00,430.40,410.00,417.78,"24,843","10,404,399.30"
USHEC,2025/06/25,429.40,429.40,422.00,425.22,"10,316","4,372,034.00"
USHL,2025/06/29,591.10,611.90,591.10,598.99,"2,200","1,314,271.00"
USHL,2025/06/26,611.70,611.70,600.00,602.00,"1,497","903,019.50"
USHL,2025/06/25,608.40,609.00,590.10,599.90,374,"224,106.80"
USLB,2025/06/29,"1,803.00","1,838.80","1,802.20","1,833.11","21,439","39,295,242.00"
USLB,2025/06/26,"1,780.00","1,849.00","1,771.00","1,802.60","11,485","20,737,509.70"
USLB,2025/06/25,"1,782.00","1,820.00","1,765.00","1,800.00","1,021","1,823,172.80"
VLBS,2025/06/29,804.00,808.00,785.00,806.58,"1,915","1,535,505.40"
VLBS,2025/06/26,800.90,812.80,787.00,789.97,"1,143","908,862.20"
VLBS,2025/06/25,805.00,805.70,780.30,785.63,"1,062","836,268.60"
VLUCL,2025/06/29,591.00,606.00,591.00,603.14,"5,243","3,139,554.60"
VLUCL,2025/06/26,592.00,615.80,590.00,590.39,"4,000","2,376,627.00"
VLUCL,2025/06/25,592.10,595.00,586.00,591.13,"2,416","1,429,848.10"
WNLB,2025/06/29,"1,820.00","2,014.00","1,820.00","1,933.93","2,456","4,691,116.90"
WNLB,2025/06/26,"1,810.00","1,859.00","1,810.00","1,831.94",912,"1,677,039.50"
WNLB,2025/06/25,"1,840.00","1,856.00","1,811.00","1,825.04",957,"1,751,097.00"
